epoch,lr-Adam,step,train_loss_epoch,train_loss_step
,0.01,0,,
,0.01,99,,
0,,99,,0.66187584400177
0,,119,1.1885693073272705,
,0.01,120,,
,0.01,199,,
1,,199,,0.5388598442077637
1,,239,0.5422446131706238,
,0.01,240,,
,0.01,299,,
2,,299,,0.44400349259376526
2,,359,0.4901754856109619,
,0.01,360,,
,0.01,399,,
3,,399,,0.4343263506889343
3,,479,0.4577677547931671,
,0.01,480,,
,0.01,499,,
4,,499,,0.47489821910858154
